store_location,transaction_qty,total_sales,profit,profit_margin
Astoria,70991,232243.91,92897.564,0.39999999999999997
Hell's Kitchen,71737,236511.17,94604.46800000001,0.4
Lower Manhattan,71742,230057.25,92022.90000000001,0.4
